<?xml version="1.0" encoding="UTF-8" ?>
<!DOCTYPE tiles-definitions PUBLIC "-//Apache Software Foundation//DTD Tiles Configuration 3.0//EN" "http://tiles.apache.org/dtds/tiles-config_3_0.dtd">
<tiles-definitions>
	<!-- base-definition -->
	<definition name="base-definition"
				template="/WEB-INF/views/tiles/layouts/iitLayout.jsp" preparer="lims.util.MenuPreparer" >
		<put-attribute name="title" value="" />
		<put-attribute name="head" value="" />
		<put-attribute name="style" value="" />
		<put-attribute name="header" value="/WEB-INF/views/tiles/template/defaultHeader.jsp" />
		<put-attribute name="menu" value="/WEB-INF/views/tiles/template/defaultMenu.jsp" />
		<put-attribute name="dashboard" value="" />
		<put-attribute name="body" value="" />
		<put-attribute name="script" value="" />
		<put-attribute name="modal" value="/WEB-INF/views/tiles/layouts/modalLayout.jsp" />
		<put-attribute name="footer" value="/WEB-INF/views/tiles/template/defaultFooter.jsp" />
	</definition>

	<!-- Login Page -->
	<definition name="login-definition"
				template="/WEB-INF/views/tiles/layouts/loginLayout.jsp" >
		<put-attribute name="title" value="" />
		<put-attribute name="body" value="" />
	</definition>

	<!-- Login Page -->
	<!--<definition name="main-definition"
		template="/WEB-INF/views/tiles/layouts/mainLayout.jsp"  preparer="lims.util.MenuPreparer" >
		<put-attribute name="title" value="" />
		<put-attribute name="header" value="/WEB-INF/views/tiles/template/mainHeader.jsp" />
		<put-attribute name="body" value="" />
		<put-attribute name="footer" value="/WEB-INF/views/tiles/template/mainFooter.jsp" />
	</definition>-->
	<definition name="main-definition"
				template="/WEB-INF/views/tiles/layouts/mainLayout.jsp"  preparer="lims.util.MenuPreparer" >
		<put-attribute name="title" value="" />
		<put-attribute name="header" value="/WEB-INF/views/tiles/template/defaultHeader.jsp" />
		<put-attribute name="menu" value="/WEB-INF/views/tiles/template/defaultMenu.jsp" />
		<put-attribute name="body" value="" />
		<put-attribute name="modal" value="/WEB-INF/views/tiles/layouts/modalLayout.jsp" />
		<put-attribute name="footer" value="/WEB-INF/views/tiles/template/defaultFooter.jsp" />
	</definition>

	<!-- RD POPUP -->
	<definition name="popup-definition" template="/WEB-INF/views/tiles/layouts/popLayout.jsp">
		<put-attribute name="title" value="" />
		<put-attribute name="body" value="" />
	</definition>

	<!-- 매뉴얼 팝업 -->
	<definition name="popup-Manual"
				template="/WEB-INF/views/tiles/layouts/popManualLayout.jsp">
		<put-attribute name="body" value="" />
	</definition>

</tiles-definitions>
